"Incident Date",State,"City Or County",Address,"# Killed","# Injured",Operations
"November 26, 2016",Maryland,Sabillasville,"6600 block of Eylers Valley Flint Road",1,0,N/A
"November 26, 2016",Ohio,"Grand Rapids","SR Route 65",1,0,N/A
"November 24, 2016","New York","Sandy Creek","Kehoe Road",1,0,N/A
"November 24, 2016",Florida,"Black Point",N/A,1,0,N/A
"November 23, 2016",Michigan,"Powell Township","North 1311 County Road KCI",1,0,N/A
"November 23, 2016","West Virginia",Troy,"Highway 47 West",1,0,N/A
"November 22, 2016",Indiana,Anderson,"1600 block of West 7th Street",1,0,N/A
"November 22, 2016",Virginia,Christiansburg,"700 block of Dabney Road",1,0,N/A
"November 22, 2016",Arkansas,"Searcy (county)",N/A,1,0,N/A
"November 20, 2016",Louisiana,"Many (Sabine)",N/A,1,0,N/A
"November 20, 2016",Virginia,"Dinwiddie (county)",I-85,1,0,N/A
"November 17, 2016","New Jersey","Trenton (Hamilton Township)","2000 block of Genesee Street",1,0,N/A
"November 16, 2016",Arkansas,Bentonville,"Punkin Hollow and Miller Church Roads",1,0,N/A
"November 15, 2016",Montana,"Park (county)","Daisy Dean Road",1,0,N/A
"November 13, 2016",Colorado,"Park (county)",N/A,1,0,N/A
"November 13, 2016",Georgia,"Jasper (county)","Highway 16",1,0,N/A
"November 13, 2016",Michigan,Ypsilanti,"212 Stevens Drive",1,0,N/A
"November 12, 2016","South Carolina",Union,"200 block of Wilson Road",1,0,N/A
"November 12, 2016",Colorado,"Grand Junction (Fruitvale)","3060 Sandpiper Avenue",1,0,N/A
"November 12, 2016",Montana,Libby,N/A,1,0,N/A
"November 12, 2016",Colorado,"La Salle","18000 block of County Road 43",1,0,N/A
"November 12, 2016","South Carolina",Summerton,"1500 block of Homeward Way",1,0,N/A
"November 11, 2016",Minnesota,Winona,"300 block of East 3rd Street",1,0,N/A
"November 11, 2016",Oklahoma,"Fort Towson",N/A,1,0,N/A
"November 10, 2016",California,Burbank,"2500 North Hollywood Way",1,0,N/A
"November 10, 2016",Oregon,Salem,N/A,1,0,N/A
"November 8, 2016",Virginia,Hampton,"500 block of Pennsylvania Ave",1,0,N/A
"November 8, 2016",Michigan,"Muskegon (county)","Johnston Street",1,0,N/A
"November 7, 2016",Pennsylvania,"New Kensington (Arnold)","1417 Orchard Ave",1,0,N/A
"November 7, 2016",Minnesota,"Little Falls (Belle Prairie Township)","Hawthorne and Jewel Road",1,0,N/A
"November 7, 2016",Florida,"Pinellas Park","5000 block of 75th Avenue",1,0,N/A
"November 7, 2016",California,Lancaster,"1700 block of East Avenue J",1,0,N/A
"November 7, 2016","North Carolina",Statesville,"100 block of Treeline Drive",1,0,N/A
"November 7, 2016",Minnesota,Cloquet,N/A,1,0,N/A
"November 6, 2016","New York",Elma,"Dorris Drive",1,0,N/A
"November 6, 2016",Georgia,Atlanta,"1800 block of Charleston Avenue",1,0,N/A
"November 5, 2016","North Dakota",Dickinson,"1700 block of Abraham Parkway",1,0,N/A
"November 4, 2016",Kansas,"Kansas City","7569 State Avenue",1,0,N/A
"November 4, 2016",Tennessee,Knoxville,"6500 block of Archer Road",1,0,N/A
"November 4, 2016",Missouri,Joplin,"4300 block of Connecticut Avenue",1,0,N/A
"November 3, 2016",Alabama,Eutaw,"Wilson Street",1,0,N/A
"October 31, 2016",California,Fresno,"Clinton and Winery Avenues",1,0,N/A
"October 30, 2016",Pennsylvania,Norristown,"600 block of George Street",1,0,N/A
"October 29, 2016",Indiana,Indianapolis,"6600 block of Little Leaf Place",1,0,N/A
"October 29, 2016",Ohio,Toledo,"123 Rockingham Street",1,0,N/A
"October 29, 2016",Ohio,Portsmouth,"603 Adams St",1,0,N/A
"October 29, 2016",Alabama,"Muscle Shoals","305 W Edison Ave",1,0,N/A
"October 27, 2016",Michigan,"Battle Creek","1st block of West Fountain Street",1,0,N/A
"October 27, 2016",Missouri,"Kansas City","18th and Topping",1,0,N/A
"October 24, 2016","South Carolina",Harleyville,"Cricket Drive",1,0,N/A
"October 22, 2016",Louisiana,Larose,"East Avenue C",1,0,N/A
"October 22, 2016",Georgia,"Toombs (county)","998 Johnson Corner Road",1,0,N/A
"October 21, 2016",Connecticut,Bristol,"240 Woodland Street",1,0,N/A
"October 20, 2016",California,Stockton,"8926 Ledgewood Avenue",1,0,N/A
"October 18, 2016",Mississippi,Pittsboro,"County Road 300",1,0,N/A
"October 17, 2016",Oregon,Albany,"2530 SE Pacific Boulevard",1,0,N/A
"October 16, 2016",Washington,Yacolt,"34900 block of NE Thompson Road",1,0,N/A
"October 16, 2016","North Dakota",Bismarck,"106th St SE",1,0,N/A
"October 15, 2016",Missouri,Forsyth,"665 Skyline Drive",1,0,N/A
"October 15, 2016",Missouri,Caulfield,"2810 Cloud 9 Drive",1,0,N/A
"October 15, 2016",Virginia,Sandston,"Treva Road",1,0,N/A
"October 13, 2016",Illinois,Waukegan,"1100 block of Greenfield Avenue",1,0,N/A
"October 13, 2016",Louisiana,"Baton Rouge","4138 East Brookstown Drive",1,0,N/A
"October 12, 2016","South Carolina","Myrtle Beach","Spivey Drive and King Avenue",1,0,N/A
"October 11, 2016",Georgia,Acworth,"4800 block of Ryan Road",1,0,N/A
"October 9, 2016","South Carolina",Aynor,"Garner Road",1,0,N/A
"October 9, 2016","South Dakota","Sioux Falls","North 1st Avenue",1,0,N/A
"October 7, 2016",Texas,Houston,"Long Point Road and Oak Tree Drive",1,0,N/A
"October 7, 2016",Georgia,"Richmond (county)","Done Roven Road",1,0,N/A
"October 5, 2016",Missouri,"Lees Summit","800 block of Northeast Magellan Ave",1,0,N/A
"October 4, 2016",Virginia,"Virginia Beach","1100 block of Mondrian Loop",1,0,N/A
"October 3, 2016","North Dakota",Sanborn,N/A,1,0,N/A
"October 2, 2016",Michigan,"Iron River",N/A,1,0,N/A
"October 1, 2016",Georgia,Mcdonough,"961 King Mill Road",1,0,N/A
"September 30, 2016",Pennsylvania,York,"200 block of Chestnut Street",1,0,N/A
"September 30, 2016",Georgia,Atlanta,"Roswell Street  SW",1,0,N/A
"September 30, 2016",Wisconsin,Milwaukee,"2100 block of North 15th Street",1,0,N/A
"September 29, 2016",Texas,"Fort Worth","3712 North Elm Street",1,0,N/A
"September 29, 2016",Pennsylvania,Altoona,"1600 block on 2nd Avenue",1,0,N/A
"September 28, 2016",Arizona,Avondale,"525 E Harrison Dr",1,0,N/A
"September 28, 2016",Kentucky,Danville,"Tuggle Road",1,0,N/A
"September 27, 2016",Iowa,"Cedar Rapids","800 block of 15th Street SE",1,0,N/A
"September 26, 2016",California,"El Dorado (county)","10500 block of Wentworth Springs Road",1,0,N/A
"September 26, 2016",Louisiana,Monroe,"McCall Street",1,0,N/A
"September 25, 2016",Georgia,Atlanta,"1073 Piedmont Ave",1,0,N/A
"September 24, 2016",Texas,Houston,"4439 Pease Street",1,0,N/A
"September 22, 2016",Maryland,Bladensburg,"4200 block of 58th Avenue",1,0,N/A
"September 19, 2016",Arkansas,Buckner,"1100 block of Lafayette County Road 41",1,0,N/A
"September 18, 2016",Florida,"Palm Beach Gardens (Riviera Beach)","1200 block of West 32nd Street",1,0,N/A
"September 18, 2016",Florida,Tampa,"6727 S. Lois Ave.",1,0,N/A
"September 18, 2016",Iowa,"Lake View","Highways 175 and 71",1,0,N/A
"September 17, 2016",Alaska,Juneau,"3000 block of Mountainwood Circle",1,0,N/A
"September 17, 2016","North Carolina",Edenton,"725 Martin Luther King Jr Avenue",1,0,N/A
"September 14, 2016",Texas,"Bexar (county)",N/A,1,0,N/A
"September 13, 2016",Texas,Azle,"400 block of Rider Lane",1,0,N/A
"September 12, 2016",Pennsylvania,Quakertown,"2100 block of Kumry Road",1,0,N/A
"September 12, 2016",Michigan,"Missaukee (county)","Blue Road and South Jeffs Road",1,0,N/A
"September 11, 2016",Louisiana,"Baton Rouge","Avenue B",1,0,N/A
"September 11, 2016",Kentucky,Louisville,"1600 block of Brashear Drive",1,0,N/A
"September 8, 2016",California,Rosamond,"2600 block of 25th Street West",1,0,N/A
"September 5, 2016",Texas,Rockdale,"900 block of CR 319",1,0,N/A
"September 5, 2016",Texas,"San Benito","200 block of Los Ranchitos",1,0,N/A
"September 5, 2016",Michigan,Kalamazoo,"1500 block of Clinton Avenue",2,0,N/A
"September 2, 2016",Florida,"Cocoa Beach","150 Minutemen Causeway",1,0,N/A
"September 1, 2016",Nevada,"Las Vegas","947 West Lake Mead Boulevard",1,0,N/A
"September 1, 2016","South Carolina",Columbia,"228 Meredith Square",1,2,N/A
"August 31, 2016",Georgia,Statesboro,"1000 block of Planters Lane",1,0,N/A
"August 30, 2016",Wisconsin,Chetek,"Leonard Street",1,0,N/A
"August 28, 2016",Kentucky,Louisville,"3015 Penway Ave",1,0,N/A
"August 28, 2016",Texas,Ivanhoe,N/A,1,0,N/A
"August 27, 2016",Texas,"San Benito","500 block of Doherty Street",1,0,N/A
"August 25, 2016",Colorado,Aurora,"E. Ohio Place and S. Buckley Road",1,0,N/A
"August 25, 2016",Tennessee,Parrottsville,"Shenandoah Way",1,0,N/A
"August 25, 2016","South Carolina",Conway,"Gilbert Road",1,0,N/A
"August 19, 2016",Texas,"La Porte","9700 block of Wilmont Road.",1,0,N/A
"August 18, 2016",Montana,Belgrade,"1005 Cardinal Dr",1,0,N/A
"August 15, 2016",Mississippi,Byhalia,"95 Rebecca Drive",1,0,N/A
"August 15, 2016",Florida,Naples,"1900 Tamiami Trail N",1,0,N/A
"August 14, 2016",Iowa,Garner,"2194 Sioux Ave",1,0,N/A
"August 13, 2016",Virginia,Danville,"800 block of Edmonds Street",1,0,N/A
"August 12, 2016",Pennsylvania,Mountville,"17 West Main Street",1,0,N/A
"August 12, 2016",Virginia,Hampton,"1800 block of Walkers Landing Lane",1,0,N/A
"August 11, 2016",Arizona,Phoenix,"5102 W McDowell Rd",1,0,N/A
"August 11, 2016",Washington,"Mount Vernon","315 E College Way",1,0,N/A
"August 10, 2016",Minnesota,Rochester,"2nd Street and 14th Avenue SW",1,0,N/A
"August 9, 2016",Florida,"Punta Gorda","1410 Tamiami Trail",1,0,N/A
"August 9, 2016",Pennsylvania,Philadelphia,"540 N Percy St",1,0,N/A
"August 8, 2016",Tennessee,Hendersonville,"118 Shady View Drive",1,0,N/A
"August 8, 2016",Pennsylvania,Philadelphia,"2800 block of South 7th Street",1,0,N/A
"August 6, 2016",Indiana,Hammond,"4700 block of Hohman Avenue",1,0,N/A
"August 6, 2016",Texas,Katy,"6200 block of Towngate Circle",1,0,N/A
"August 6, 2016","North Carolina",Shelby,"105 Lindsey Lee Ln",1,0,N/A
"August 6, 2016",Idaho,Weiser,"Macomb Road",1,0,N/A
"August 5, 2016",Texas,Greenville,"7701 Wesley Street",1,0,N/A
"August 5, 2016",Illinois,Chicago,"2700 block of West Evergreen Avenue",1,0,N/A
"August 2, 2016","South Carolina",Coward,"4312 Circle Drive",1,1,N/A
"August 2, 2016",Ohio,Columbus,"400 block of East Markison Avenue",1,0,N/A
"August 2, 2016",Louisiana,Marrero,"2000 block of Fernando Court",1,0,N/A
"August 1, 2016",Oklahoma,Ardmore,"1200 block of L Street",1,0,N/A
"August 1, 2016",Pennsylvania,Allentown,"1500 block of Arlington Avenue",1,0,N/A
"July 31, 2016",Alabama,"Birmingham (Homewood)","1301 Lakeshore Dr.",1,0,N/A
"July 31, 2016",Virginia,Saltville,"400 block of Elizabeth Street",1,0,N/A
"July 30, 2016","New York",Elmira,"200 block of West Hudson Street",1,0,N/A
"July 30, 2016",Texas,Beaumont,"7395 Highway 105",1,0,N/A
"July 28, 2016","New Jersey","Pemberton Township","Bayberry Street",1,0,N/A
"July 26, 2016",Texas,Houston,"9700 block of Shady Tree Ln",1,0,N/A
"July 26, 2016",Texas,"San Antonio","3600 block of Callaghan Road",1,0,N/A
"July 25, 2016",Arizona,Tempe,"1000 E Orange Street",1,0,N/A
"July 24, 2016",Kentucky,Frankfort,"Pea Ridge Road",1,0,N/A
"July 24, 2016",Arkansas,Gurdon,"200 block of Cedar Street",1,0,N/A
"July 22, 2016",Indiana,Huntingburg,"202 N. Main St.",1,0,N/A
"July 20, 2016",Georgia,"Jones (county)","113 Horseshoe Bend Court",1,0,N/A
"July 19, 2016",Texas,Alvin,"3400 block of Oxford",1,0,N/A
"July 18, 2016","South Carolina",Gaston,"2400 block of Glenn Road",1,0,N/A
"July 17, 2016",Michigan,"Rochester (Rochester Hills)","1200 block of Lakeview Drive",1,0,N/A
"July 17, 2016",Georgia,Carrollton,"Adamson Avenue",1,0,N/A
"July 16, 2016",Ohio,Cincinnati,"6200 block of Chandler Street",1,0,N/A
"July 15, 2016",Florida,Tallahassee,"2684 Tess Circle",1,0,N/A
"July 15, 2016",Texas,Houston,"Sageland Drive",1,0,N/A
"July 15, 2016",Florida,"Lake Worth","7400 block of Michigan Isle Road",1,0,N/A
"July 15, 2016",Florida,"Tampa (Town N Country)","8202 Pinehurst Circle",1,0,N/A
"July 15, 2016",Florida,"Port Orange","829 Hudson Lane",1,0,N/A
"July 14, 2016",Alabama,Leighton,"1500 block of Hwy 157",1,0,N/A
"July 14, 2016",Colorado,"Steamboat Springs",N/A,1,0,N/A
"July 13, 2016",Nebraska,Omaha,"36th and Grand",1,0,N/A
"July 12, 2016",Pennsylvania,"Berks (county)","1st block of Chapel Lane",1,0,N/A
"July 11, 2016",Texas,"Marion (county)","Monica Drive",1,0,N/A
"July 9, 2016",Florida,"Winter Haven","5463 Laurel Oak Drive",2,1,N/A
"July 8, 2016",Michigan,Alma,"Penrith Avenue",1,0,N/A
"July 8, 2016",Texas,"Mineral Wells","2600 block of S.W 8th Avenue",1,0,N/A
"July 7, 2016",Montana,Helena,"1200 block of Bozeman Street",1,0,N/A
"July 6, 2016",Alabama,Toney,"2500 block of Alabama 251",1,0,N/A
"July 6, 2016",Wisconsin,"Brown (county)",N/A,1,0,N/A
"July 3, 2016",Florida,Sarasota,"4583 Bee Ridge Road",1,0,N/A
"July 3, 2016",Tennessee,"Chattanooga (East Ridge)","201 Eads Street",1,0,N/A
"July 3, 2016",Kentucky,Lowmansville,"July Drive",1,0,N/A
"July 2, 2016",California,Oakland,"1400 block of Sunshine Court",1,1,N/A
"July 2, 2016",California,Lemoore,"800 block of Dogwood Avenue",1,0,N/A
"July 1, 2016",Tennessee,Clarksville,"874 Samantha Lane",1,0,N/A
"June 30, 2016",Washington,Manson,"SR 150",1,0,N/A
"June 29, 2016",Pennsylvania,Philadelphia,"5300 block of E Walnut Lane",1,0,N/A
"June 29, 2016",Kentucky,Lewisport,"1370 S Chestnut Grove Rd",1,0,N/A
"June 28, 2016",Wisconsin,Milwaukee,"28th Street and Capitol Drive",1,0,N/A
"June 28, 2016",Michigan,Roseville,"25800 Gratiot Avenue",1,0,N/A
"June 28, 2016",Texas,"San Antonio","8600 block of Star Creek Drive",1,0,N/A
"June 28, 2016",Massachusetts,Stoneham,"Congress Street",1,0,N/A
"June 27, 2016",Arizona,Phoenix,"1600 block of West Missouri Avenue",1,0,N/A
"June 25, 2016","New Jersey","East Orange","112 Norman Street",1,0,N/A
"June 24, 2016",Oklahoma,"Delaware (county)",N/A,1,0,N/A
"June 23, 2016",Pennsylvania,Philadelphia,"1800 block of N 20th Street",1,0,N/A
"June 22, 2016",Indiana,Indianapolis,"3300 block of Wallace Avenue",1,0,N/A
"June 22, 2016",Georgia,Adel,"800 block of Guy Street",1,0,N/A
"June 20, 2016",Colorado,"Conejos (county)",N/A,1,0,N/A
"June 19, 2016",Texas,"San Antonio","8800 block of  Village Drive.",1,1,N/A
"June 18, 2016",Ohio,Amelia,"3023 Lindale Mt. Holly Rd",1,0,N/A
"June 17, 2016",Iowa,Elgin,"210 Main Street",1,0,N/A
"June 17, 2016",Pennsylvania,Pittsburgh,"4290 Melwood Ave",1,0,N/A
"June 13, 2016","West Virginia",Fairmont,"Cleveland Avenue",1,0,N/A
"June 12, 2016","New York","Corona (Queens)","45th Avenue and National Street",1,0,N/A
"June 11, 2016",Louisiana,"Baton Rouge","3500 block of Wayne Avenue",1,0,N/A
"June 11, 2016",Texas,Dallas,"13700 block of Montfort Drive",1,0,N/A
"June 8, 2016",Georgia,Calhoun,"Dogwood Drive",1,0,N/A
"June 7, 2016",Michigan,Detroit,"5300 block of Radnor",1,0,N/A
"June 6, 2016",Florida,Zellwood,"2900 block of Winifred Road",1,0,N/A
"June 6, 2016",Georgia,Hawkinsville,"18 Franklin Street",1,0,N/A
"June 6, 2016",Maryland,Annapolis,"1300 block of Tyler Avenue",1,0,N/A
"June 3, 2016",California,"Riverside (county)","29200 block of Garnet",1,0,N/A
"June 3, 2016",Missouri,"Saint Louis","9500 block of Page Ave",1,0,N/A
"June 3, 2016",Colorado,Aurora,"1575 Galena Street",1,0,N/A
"June 3, 2016",Illinois,Chicago,"3500 block of South Parnell Avenue",1,0,N/A
"June 2, 2016",Georgia,Rome,"1249 Bells Ferry Road",1,0,N/A
"May 29, 2016",Arizona,Phoenix,N/A,1,0,N/A
"May 27, 2016",Missouri,Joplin,"1516 S. Byers Avenue",1,0,N/A
"May 27, 2016",California,Oakland,"1300 block of Fruitvale Avenue",1,0,N/A
"May 26, 2016",Virginia,Roanoke,"2000 block of Carroll Avenue NW",1,0,N/A
"May 25, 2016",Washington,Seattle,"6000 block of High Point Drive SW",1,0,N/A
"May 24, 2016",Pennsylvania,"Butler (county)","Pine Tract Road",1,0,N/A
"May 24, 2016",Indiana,Gary,"1400 block of Virginia Street",1,0,N/A
"May 22, 2016",Tennessee,Nashville,"2700 block of Hydes Ferry Road",1,0,N/A
"May 21, 2016",Louisiana,"La Place (Laplace)","19 Country Club Dr",1,0,N/A
"May 20, 2016",Alabama,Horton,"Welcome Home Church Road",1,0,N/A
"May 20, 2016",Illinois,Barry,"186 E 2700th St",1,0,N/A
"May 19, 2016","New York",Bronx,"810 Astor Avenue",1,0,N/A
"May 16, 2016",Florida,Sarasota,"2400 block of 47th Street",1,0,N/A
"May 14, 2016",Florida,Alford,"Compass Lake Drive",1,0,N/A
"May 13, 2016",Missouri,Branson,"500 block of College",1,0,N/A
"May 12, 2016",Indiana,Lebanon,"300 South 500 West",1,0,N/A
"May 12, 2016",Ohio,Hilliard,"5100 block of Scioto Darby Road",1,0,N/A
"May 11, 2016",Montana,"Lewis And Clark (county)","Beaver Slide Loop",1,0,N/A
"May 11, 2016",Louisiana,Leesville,N/A,1,0,N/A
"May 10, 2016",Michigan,Detroit,"19700 block of Oakfield Street",1,0,N/A
"May 10, 2016",Louisiana,Shreveport,"1100 block of Wilkinson Street",1,0,N/A
"May 9, 2016",California,"Bell Gardens (Cudahy)","4300 Clara St",1,0,N/A
"May 7, 2016",Iowa,"Fayette (county)",N/A,1,0,N/A
"May 6, 2016",Arizona,Phoenix,"11015 N. 11th Place",1,0,N/A
"May 1, 2016",Indiana,Indianapolis,"Gale and Vermont",1,0,N/A
"April 30, 2016",Tennessee,Huntingdon,"60 Hunter Ridge Cove",1,0,N/A
"April 30, 2016",Oregon,Medford,"208 Iowa St.",1,0,N/A
"April 26, 2016",Georgia,Dallas,"Camp Circle and Dallas Acworth Highway",1,0,N/A
"April 26, 2016",Wisconsin,Milwaukee,"U.S. 41/Highway 175",1,0,N/A
"April 24, 2016",Kansas,Salina,"1900 block of Dover",1,0,N/A
"April 23, 2016",Iowa,Maynard,N/A,1,0,N/A
"April 22, 2016",Louisiana,Natchitoches,"600 block of Sabine Alley",1,0,N/A
"April 22, 2016",Kansas,Wichita,"1800 block of West McCormick",1,0,N/A
"April 21, 2016",Missouri,"Kansas City","2600 block of Lawn Avenue",1,0,N/A
"April 20, 2016",Indiana,Indianapolis,"5200 block of Alameda Road",1,0,N/A
"April 20, 2016","North Carolina",Wilmington,"300 block of Grass Lane",1,0,N/A
"April 19, 2016",California,Sacramento,"7800 block of Sunrise Greens Drive",1,0,N/A
"April 17, 2016",Wisconsin,"Rock (county)","2100 block of Lima Center Road",1,0,N/A
"April 16, 2016",Alaska,"Sutton (Sutton-Alpine)","Jonesville Mine Road",1,0,N/A
"April 16, 2016",Pennsylvania,Philadelphia,"200 block of E. Mayfield Street",1,0,N/A
"April 15, 2016",Maryland,"Temple Hills","5000 block of Sharon Road",1,2,N/A
"April 14, 2016",Kentucky,Louisville,"900 block of W. Evelyn Avenue",1,0,N/A
"April 14, 2016",California,Victorville,"13000 block of Bennington Drive",1,0,N/A
"April 12, 2016",Missouri,"Saint Louis","8500 block of Riverview",1,0,N/A
"April 12, 2016",Texas,Waxahachie,"200 block of Colt Drive",1,0,N/A
"April 11, 2016",Wisconsin,Friendship,N/A,1,0,N/A
"April 10, 2016","North Carolina","Granite Falls","Baton Church Road",1,0,N/A
"April 9, 2016",Massachusetts,Beverly,"Ropes Street",1,0,N/A
"April 8, 2016",Alabama,Montgomery,"200 block of Southlawn Drive",1,0,N/A
"April 2, 2016","South Carolina","Rock Hill","800 block of Horseman Drive",1,0,N/A
"March 31, 2016","North Carolina","La Grange","Mimosa Lane and Maple Grove Dr",1,0,N/A
"March 30, 2016",Louisiana,"New Orleans (Algiers)","2100 block of Springbrook Lane",1,0,N/A
"March 28, 2016",Georgia,Douglas,"900 block of South Coffee Avenue",1,0,N/A
"March 28, 2016",Alabama,"Covington (county)","County Road 21",1,0,N/A
"March 27, 2016",Mississippi,Brookhaven,"Highway 550",1,0,N/A
"March 27, 2016",Vermont,"Saint Albans",N/A,1,0,N/A
"March 27, 2016",Illinois,Carbondale,"402 West Walnut Street",1,1,N/A
"March 25, 2016",Hawaii,"Mountain View","Oshiro Road",1,0,N/A
"March 24, 2016",Texas,"San Antonio","100 block of West Ansley Boulevard",1,0,N/A
"March 24, 2016",Texas,Ennis,"200  block of Arnold Street",1,0,N/A
"March 24, 2016",Missouri,Henley,"6000 block of Upton Road",1,0,N/A
"March 21, 2016",Kentucky,Sharpsburg,"95 Bethel Ridge Road",1,0,N/A
"March 20, 2016",Illinois,Chicago,"4900 block of Aster Street",1,0,N/A
"March 20, 2016",Florida,"Fort Myers","17483 Old Harmony Road",1,0,N/A
"March 20, 2016",Illinois,"Chicago (Englewood)","6700 block of S. Aberdeen St.",1,0,N/A
"March 20, 2016",Pennsylvania,"Mount Pleasant","151 South Church St",1,0,N/A
"March 19, 2016",Florida,Apopka,"1008 Sheeler Hills Drive",1,0,N/A
"March 19, 2016",Texas,Palestine,"300 block of Anderson County Road 1370",1,0,N/A
"March 19, 2016","North Carolina",Fayetteville,"400 block of Lands End Road",1,0,N/A
"March 18, 2016","New York",Copiague,"Great Neck Road",1,0,N/A
"March 18, 2016",Iowa,"Cedar Rapids","1424 Bever Ave. SE",1,0,N/A
"March 17, 2016","South Carolina",Bennettsville,"Spencer Street",1,0,N/A
"March 17, 2016",Texas,"San Antonio","4400 block of Hampstead Street",1,0,N/A
"March 16, 2016","West Virginia",Beckley,"Hager Street",1,0,N/A
"March 15, 2016",Tennessee,Chattanooga,"1206 Lewis Street",1,0,N/A
"March 14, 2016",Texas,Bridgeport,"County Road 3825",1,0,N/A
"March 14, 2016","West Virginia",Beckley,"Bethel Road",1,0,N/A
"March 14, 2016",Missouri,"Kansas City","North Flora and Northeast 80th Street",1,0,N/A
"March 12, 2016",Texas,Paris,"210 Stone Avenue",1,0,N/A
"March 12, 2016",Iowa,Oskaloosa,"1593 290th Street",1,0,N/A
"March 11, 2016",Georgia,Norcross,"4900 block of Appaloosa Trail",1,0,N/A
"March 9, 2016",Kentucky,Somerset,"1610 Oak Hill Rd",1,0,N/A
"March 7, 2016","West Virginia",Morgantown,"Church Hill Drive",1,0,N/A
"March 6, 2016",Mississippi,Laurel,"County Road 237",1,0,N/A
"March 6, 2016",California,"Studio City","3700 block of Eureka Drive",1,0,N/A
"March 5, 2016","South Dakota",Yankton,"East Side Drive",1,0,N/A
"March 4, 2016","South Carolina","Rock Hill","600 block of Cauthen Street",1,1,N/A
"March 2, 2016",Hawaii,Makawao,"80-90 block of Healani Street",1,0,N/A
"March 1, 2016",Texas,"Corpus Christi","6300 block of Hanley Drive",1,0,N/A
"March 1, 2016",Florida,Sanford,"Highlawn Avenue",1,0,N/A
"February 29, 2016",Tennessee,Apison,"4724 Gates Lane",1,0,N/A
"February 28, 2016",Washington,Concrete,"46000 block of Baker Loop Road",1,0,N/A
"February 28, 2016",Texas,"San Antonio","9500 block of Perrin-Beitel Road",1,0,N/A
"February 27, 2016",Louisiana,"Baton Rouge","7584 Prescott Drive",1,0,N/A
"February 27, 2016",Florida,"Miami Gardens","2200 block of Northwest 172nd Terrace",1,0,N/A
"February 26, 2016",Indiana,Sunman,"Van Wedding Road",1,0,N/A
"February 26, 2016",Iowa,"Evansdale (Elk Run Heights)",N/A,1,0,N/A
"February 26, 2016","South Carolina",Clearwater,"244 Park Drive",1,0,N/A
"February 23, 2016",Texas,Houston,"1300 block of Regal Street",1,0,N/A
"February 23, 2016",Utah,Altamont,"14535 W 4000 N",1,0,N/A
"February 22, 2016",Tennessee,Greeneville,"400 Y St",1,0,N/A
"February 21, 2016",Florida,"Fort Lauderdale","2300 block of Northwest Ninth Court",1,0,N/A
"February 21, 2016",Indiana,Hartsville,"200 block of Clinton Street",1,0,N/A
"February 21, 2016",Florida,Fountain,"11601 Nonawood Road",1,0,N/A
"February 21, 2016",Mississippi,Philadelphia,"Highway 16 West Pearl River Resort - Choctaw",1,0,N/A
"February 20, 2016",Utah,"Box Elder (county)","Route 30",1,0,N/A
"February 20, 2016",Ohio,Cleveland,N/A,1,0,N/A
"February 19, 2016",Louisiana,"Baton Rouge","2138 Tennessee Street",1,0,N/A
"February 18, 2016",Louisiana,"Baton Rouge","3811 Bradley Street",1,0,N/A
"February 17, 2016",Illinois,Chicago,"7800 block of South Honore",1,0,N/A
"February 16, 2016",Texas,Lubbock,"2538 71st St",1,0,N/A
"February 15, 2016",Michigan,Columbiaville,"Peters Road and Flint River Road",1,0,N/A
"February 15, 2016",Vermont,"Cuttingsville (Shrewsbury)","6718 Cold River Road",1,0,N/A
"February 15, 2016",Michigan,Columbiaville,"Peters and Flint River roads",1,0,N/A
"February 14, 2016",Michigan,"Battle Creek","23 Highway Street",1,0,N/A
"February 13, 2016",Nevada,"Las Vegas","Buffalo and Vegas Drive",1,0,N/A
"February 13, 2016",Wisconsin,Milwaukee,"3000 block of West Wisconsin Avenue",1,0,N/A
"February 13, 2016",Ohio,Cincinnati,"3262 Tulsa Court",1,0,N/A
"February 11, 2016",Maryland,"Capitol Heights (Seat Pleasant)","6700 block of James Farmer Way",1,0,N/A
"February 11, 2016",Georgia,Lawrenceville,"1600 block of Balvaird Drive",1,0,N/A
"February 11, 2016","New York",Brooklyn,"703 Miller Avenue",1,0,N/A
"February 8, 2016",Florida,Orlando,"4700 block of Spottswood Drive",1,0,N/A
"February 6, 2016",Florida,Jacksonville,"1100 block of East 15th Street",1,0,N/A
"February 6, 2016",Texas,"El Indio",N/A,1,0,N/A
"February 6, 2016",Alabama,"Birmingham (Irondale)","2000 block of Monroe Drive",1,0,N/A
"February 6, 2016",Georgia,Madison,"1580 Aqua Road",1,1,N/A
"February 6, 2016",Tennessee,Nashville,"4271 Sidco Drive",1,0,N/A
"February 5, 2016",Louisiana,Addis,"3600 block of East Nic Drive",1,0,N/A
"February 5, 2016",Arizona,Tucson,"3000 block of South La Cholla",1,0,N/A
"February 4, 2016",Iowa,Burlington,"300-block of Angular Street",1,0,N/A
"February 3, 2016",Ohio,"Cleveland (Brooklyn)","Ridge Road",1,0,N/A
"January 31, 2016",Alaska,Fairbanks,"Geraghty Avenue",1,0,N/A
"January 30, 2016",Nevada,"Las Vegas","3867 Terrazzo Avenue",1,0,N/A
"January 30, 2016",Oklahoma,Hartshorne,"Lakeview Drive",1,0,N/A
"January 30, 2016",Maryland,Baltimore,"400 block of N. Athol Avenue",1,0,N/A
"January 30, 2016",Georgia,Atlanta,"Meadowglen Village Lane",1,0,N/A
"January 29, 2016",Alabama,Hartselle,N/A,1,0,N/A
"January 25, 2016",Texas,Baytown,"4100 block of Tumbleweed",2,0,N/A
"January 25, 2016",Tennessee,Crossville,"2009 N Main St",1,0,N/A
"January 25, 2016",Kentucky,"White Plains","Farmers Crossing Road",1,0,N/A
"January 24, 2016",Missouri,Kennett,"800 block of Emerson Street",1,0,N/A
"January 23, 2016","New York",Brooklyn,"45th Street",1,0,N/A
"January 23, 2016",Alaska,"Iliamna (Kokhanok)",N/A,1,0,N/A
"January 22, 2016",Florida,"Delray Beach (West Delray Beach)","8000 block of Sawpine Drive",1,0,N/A
"January 22, 2016",Arkansas,"Little Rock","211 Dortch Loop",1,0,N/A
"January 22, 2016",Virginia,Williamsburg,"1300 block of Richmond Road",1,0,N/A
"January 22, 2016",Arkansas,"North Little Rock","200 block of Dortch Loop",1,0,N/A
"January 20, 2016",Michigan,Flint,"1300 block of Columbia Lane",1,0,N/A
"January 20, 2016",Florida,"Volusia (county)","Maytown Road",1,0,N/A
"January 20, 2016",Indiana,Charlestown,"Sycamore Drive and Cottonwood Lane",1,0,N/A
"January 20, 2016",Louisiana,"New Orleans","5600 block of Red Maple Drive",1,0,N/A
"January 19, 2016",Texas,"Liberty (county)","County Road 4893",1,0,N/A
"January 19, 2016",Texas,Cypress,"15400 block of Redbud Berry Way",1,0,N/A
"January 18, 2016",Washington,"Spokane (Spokane Valley)","14121 E. Sinto",1,0,N/A
"January 17, 2016",Missouri,"Saint Louis (St Louis)","5300 block of Patton Ave",1,0,N/A
"January 17, 2016",Kentucky,Louisville,"43rd Street and Broadway",1,0,N/A
"January 16, 2016",Louisiana,"Baton Rouge","1915 Birch Street",1,0,N/A
"January 16, 2016",Texas,Houston,"5203 Dumfries Drive",1,0,N/A
"January 15, 2016",Louisiana,Pineville,"810 Main Street",1,0,N/A
"January 14, 2016",Maine,Windham,"Brookhaven Drive",1,0,N/A
"January 14, 2016",Pennsylvania,Hummelstown,"200 block of West Main Street",1,0,N/A
"January 12, 2016",Ohio,Cincinnati,"1200 block of Blanchard Avenue",1,0,N/A
"January 12, 2016",Ohio,Jackson,"775 Spangenburg Road",1,0,N/A
"January 12, 2016","South Carolina",Lancaster,"1800 block of John Everall Road",1,0,N/A
"January 11, 2016",Michigan,"Suttons Bay","First Street",1,0,N/A
"January 11, 2016",Pennsylvania,Duncannon,"11D Rebecca Drive",1,1,N/A
"January 10, 2016","North Carolina",Lumberton,"2200 block of Martin Luther King Jr. Drive",1,0,N/A
"January 9, 2016",Kentucky,Louisville,"400 block of N. 34th Street",1,0,N/A
"January 9, 2016",Alabama,Auburn,"400 block of Webster Road",1,0,N/A
"January 9, 2016",Indiana,"North Liberty","67100 block of Sage Road",1,0,N/A
"January 9, 2016",Alabama,Mobile,"2100 block of Agate Avenue",1,0,N/A
"January 9, 2016","North Carolina",Leland,"500 block of Creekview Lane",1,0,N/A
"January 8, 2016",Illinois,Morris,"2400 block of Oakland Circle",1,0,N/A
"January 7, 2016",Ohio,"Mc Comb","4190 Township Road 135",1,0,N/A
"January 7, 2016",Wisconsin,"Rice Lake","5 1/2 West Eau Claire Street",2,0,N/A
"January 6, 2016",Georgia,"Union City","4735 Jonesboro Road",1,0,N/A
"January 5, 2016",Oregon,"Cottage Grove","200 block of Sixth Street",1,0,N/A
"January 5, 2016",Mississippi,Oxford,"110 Old Taylor Road",1,0,N/A
"January 5, 2016",Texas,Henderson,"208 U.S. Highway 79 N",1,0,N/A
"January 4, 2016",Iowa,"Delaware (county)","155th Avenue",1,0,N/A
"January 4, 2016",Tennessee,Memphis,"1400 block of Briercrest Lane",2,1,N/A
"January 4, 2016",Colorado,Trinidad,"806 E. Goddard Avenue",1,0,N/A
"January 2, 2016",Iowa,Nashua,"110 St. Lawrence Street",1,0,N/A
"January 2, 2016",Alabama,Huntsville,"5000 block of Kyle Lane",1,0,N/A
"January 2, 2016",Virginia,Warsaw,"Suggetts Point",1,0,N/A
"January 1, 2016",Oklahoma,Altus,"1200 block of West Wingfield",1,0,N/A
"December 31, 2015",Arizona,Chandler,"Loop 101 and Chandler Boulevard",1,0,N/A
"December 31, 2015","South Carolina",Gaffney,N/A,1,0,N/A
"December 31, 2015",Mississippi,"Rolling Fork","68 Frontage Road",1,0,N/A
"December 30, 2015",Georgia,Lithonia,"4500 block of Idlewood Park",1,0,N/A
"December 29, 2015",Florida,"Saint Cloud","10th Street",1,0,N/A
"December 28, 2015",Alaska,Bethel,N/A,1,0,N/A
"December 27, 2015",Minnesota,Duluth,"300 block of West Faribault Street",1,0,N/A
"December 26, 2015",Texas,Burnet,"157 Harold Dr",1,0,N/A
"December 26, 2015",Arkansas,"Clark (county)",N/A,1,0,N/A
"December 24, 2015",Tennessee,Nashville,"400 block of Wilclay Drive",1,0,N/A
"December 23, 2015","New Mexico","Rio Rancho","300 block of Aldaba Circle",1,0,N/A
"December 22, 2015",Wisconsin,Beloit,"212 8th Street",1,0,N/A
"December 22, 2015",Florida,Miami,"10600 block of Southwest 27th Street",1,0,N/A
"December 21, 2015",Pennsylvania,"Chester (Eddystone)","1200 block of Saville Ave",1,0,N/A
"December 21, 2015",Pennsylvania,Pittsburgh,"200-block of Mathilda Street",3,0,N/A
"December 21, 2015",Missouri,"Poplar Bluff","500 section of County Road 42222",1,0,N/A
"December 20, 2015",Pennsylvania,Eddyville,"1200 block of Saville Avenue",1,0,N/A
"December 19, 2015",Louisiana,Thibodaux,"117 Violet St",1,0,N/A
"December 19, 2015",Mississippi,Magee,N/A,1,0,N/A
"December 19, 2015",Nebraska,Omaha,"12441 Miami St.",1,0,N/A
"December 18, 2015",Louisiana,Patterson,"Grandwood Drive",1,0,N/A
"December 17, 2015","South Dakota","Lower Brule",N/A,1,0,N/A
"December 17, 2015",Illinois,Belleville,"1800 block of Dalton Dr",1,0,N/A
"December 17, 2015",Michigan,Detroit,Ferguson,1,0,N/A
"December 16, 2015",Florida,"Dade City","21st Street and Powerline Road",1,0,N/A
"December 15, 2015",Virginia,"Front Royal","Nez Perce Way",1,0,N/A
"December 13, 2015",Mississippi,Natchez,"Mount Carmel Road",1,0,N/A
"December 13, 2015",Idaho,"Coeur D Alene (Coeur D'alene)","N 3rd St and E Indiana Ave",1,0,N/A
"December 13, 2015",Missouri,"Kansas City","Interstate 435 and Winner Road",1,0,N/A
"December 12, 2015",Oklahoma,Lawton,"5214 Rogers Lane",1,0,N/A
"December 12, 2015","North Carolina",Fayetteville,"6500 block of Wicklow Place",1,0,N/A
"December 12, 2015",Florida,Tampa,"4611 E Whiteway Drive",1,0,N/A
"December 11, 2015",Louisiana,"Terrebonne (county)","Jennings Lane",1,0,N/A
"December 11, 2015",Kansas,"South Hutchinson","107 East Avenue B",1,0,N/A
"December 10, 2015",Wyoming,"Natrona (county)","Coal Mountain Road",1,0,N/A
"December 10, 2015",Texas,"Universal City","300 block of Madrid",1,0,N/A
"December 9, 2015",Illinois,"Hoffman Estates","2800 block of Greens Point Parkway",1,0,N/A
"December 9, 2015",Texas,Dallas,"4900 block of South Buckner Boulevard",1,0,N/A
"December 8, 2015",Washington,Puyallup,"900 block of 18th Avenue Southwest",1,0,N/A
"December 7, 2015",Arkansas,Kingston,N/A,1,0,N/A
"December 7, 2015",Kansas,"Jefferson (county)","150th and Wallace Rd.",1,0,N/A
"December 5, 2015",Colorado,Englewood,"South Santa Fe Drive",1,0,N/A
"December 4, 2015",Louisiana,"Baton Rouge","2323 Spain St",1,0,N/A
"December 4, 2015",Utah,"Spanish Fork (Lake Shore)",N/A,1,0,N/A
"December 3, 2015",Texas,"Webb (county)","Farm to Market 2050 Rd",1,0,N/A
"November 29, 2015",Wisconsin,Spencer,"900 block of Century Road",1,0,N/A
"November 29, 2015",Minnesota,"Itasca (county)","E. Natures Trail",1,0,N/A
"November 29, 2015","North Carolina","Wayne (county)","Capps Bridge Road",1,0,N/A
"November 28, 2015","New York",Rome,"519 West Dominick",1,0,N/A
"November 28, 2015",Georgia,Atlanta,"1041 Martin Street SE",1,0,N/A
"November 28, 2015",Arkansas,Jonesboro,"710 N. Caraway Road",1,0,N/A
"November 27, 2015",Florida,"West Palm Beach","1601 W 37th St",1,0,N/A
"November 25, 2015",California,Paradise,"Pearson Road",1,0,N/A
"November 25, 2015",Wisconsin,Hayward,"Gurno Lake Road",1,0,N/A
"November 24, 2015",Ohio,Toledo,"100 block of East Carleton",0,2,N/A
"November 23, 2015",Wisconsin,"Mount Morris","24th Road and Brown Deer Ave",1,0,N/A
"November 22, 2015",Wisconsin,Caledonia,N/A,1,0,N/A
"November 21, 2015",Tennessee,Goodlettsville,"452 Moss Trail",1,0,N/A
"November 21, 2015",Colorado,Denver,N/A,1,0,N/A
"November 20, 2015",Kansas,"Overland Park","8900 block of Reeder Road",1,0,N/A
"November 19, 2015",Virginia,Bohannon,"The Long Ln and Myrtle Grove Ln",1,0,N/A
"November 19, 2015",Florida,"Saint Lucie (county)","7160 Maidstone Dr.",1,0,N/A
"November 19, 2015",Louisiana,"Saint Gabriel (Iberville)","Stassi Rd.",1,0,N/A
"November 18, 2015",Arkansas,"Little Rock","3401 Lamar Street",1,0,N/A
"November 17, 2015",Arkansas,Benton,"Nelson Court",1,0,N/A
"November 16, 2015",Oregon,Albany,"Millersburg Dr NE and Sedona Rd",1,0,N/A
"November 16, 2015",Maine,Bath,"Route 1",1,0,N/A
"November 15, 2015",Pennsylvania,York,"200 block of North Richland Avenue",1,0,N/A
"November 15, 2015","South Carolina","Rock Hill","Amelia Avenue",1,0,N/A
"November 14, 2015","South Dakota","Rosebud (Yankton Indian Reservation)",N/A,1,0,N/A
"November 14, 2015",Arkansas,Lockesburg,"376 Arkansas 24",1,0,N/A
"November 12, 2015","New York",Bronx,"363 East 171st Street",1,0,N/A
"November 11, 2015",Georgia,Jackson,"500 block of Carr Avenue",1,0,N/A
"November 9, 2015",Michigan,Detroit,"6600 block of Barton Street",1,0,N/A
"November 7, 2015",Florida,Tampa,"Church Avenue",1,0,N/A
"November 7, 2015",Wisconsin,"De Pere","1107 Chicago Street",1,0,N/A
"November 7, 2015",California,"Los Angeles","3500 block of Cesar Chavez Avenue",1,0,N/A
"November 4, 2015",Nebraska,Imperial,N/A,1,0,N/A
"November 2, 2015",Connecticut,Stamford,"Merrell Avenue",1,0,N/A
"November 2, 2015",Tennessee,Clarksville,"400 block of Georgetown Road",1,0,N/A
"November 1, 2015",Alabama,Talladega,"Jackson Trace Road",1,0,N/A
"October 31, 2015",Illinois,Aurora,"1300 block of Valayna Drive",1,0,N/A
"October 31, 2015",Indiana,Decatur,"7400 N. Monmouth Road",1,0,N/A
"October 30, 2015",Texas,Houston,"16410 North Freeway",1,0,N/A
"October 27, 2015",Georgia,Acworth,"1059 Athena Court",1,0,N/A
"October 26, 2015","North Carolina","Pitt (county)","Stantonsburg Road.",1,0,N/A
"October 26, 2015","North Carolina",Hendersonville,"158 Golden Eagle Way",1,0,N/A
"October 26, 2015","New York",Buffalo,N/A,1,0,N/A
"October 26, 2015",Virginia,Chesterfield,"8700 block of Hull Street Road",1,0,N/A
"October 26, 2015",Illinois,Decatur,"100 block of South Calhoun Street",1,0,N/A
"October 25, 2015",Colorado,"Colorado Springs","2800 block of Concord Street",1,0,N/A
"October 24, 2015","South Dakota","Sioux Falls","4425 W. Briggs Drive",1,0,N/A
"October 24, 2015",Arkansas,"Jefferson (county)",N/A,1,0,N/A
"October 23, 2015",Louisiana,Alexandria,N/A,1,0,N/A
"October 22, 2015",Kansas,Wichita,"800 block of S. San Pablo",1,0,N/A
"October 19, 2015",California,Stockton,"3300 block of Zamora Way",1,0,N/A
"October 19, 2015",Illinois,Champaign,"600 block of West Beardsley Avenue",1,1,N/A
"October 19, 2015",Texas,Donna,"500 block of South 25th Street",1,0,N/A
"October 18, 2015",Illinois,Effingham,"3200 block of South Banker Street",1,0,N/A
"October 17, 2015",Ohio,Pandora,"13915 Road 3",1,0,N/A
"October 17, 2015",Georgia,Dallas,"400 block of Fairview Drive",1,1,N/A
"October 17, 2015",Illinois,Chicago,"1000 block of North Francisco Avenue",1,0,N/A
"October 17, 2015",Idaho,Meridian,"2300 block of E. Franklin Road",1,0,N/A