"Incident Date",State,"City Or County",Address,"# Killed","# Injured",Operations
"November 25, 2016","District of Columbia",Washington,"1200 block of I Street SE",1,0,N/A
"November 25, 2016",Michigan,Detroit,"16300 block of Lyndon",1,0,N/A
"November 25, 2016",Virginia,Richmond,"Milton St. and Meadowbridge Rd.",1,0,N/A
"November 25, 2016",Tennessee,Antioch,"Oceanfront Circle",1,0,N/A
"November 25, 2016",Illinois,Chicago,"800 block of South Throop",1,0,N/A
"November 24, 2016",Kentucky,Lexington,"Henton Road",1,0,N/A
"November 24, 2016",California,Carmichael,"5101 Marconi Avenue",1,0,N/A
"November 24, 2016",Kansas,Wichita,"1902 East Pawnee",1,0,N/A
"November 23, 2016",California,Lynwood,"12600 block of Long Beach Boulevard",1,0,N/A
"November 23, 2016",California,Antioch,"Mark Twain Drive and Ebbetts Way",1,0,N/A
"November 23, 2016","South Carolina",Bluffton,N/A,1,0,N/A
"November 22, 2016",Indiana,Anderson,"1600 block of West 7th Street",1,0,N/A
"November 22, 2016",Florida,Miami,"Northwest 17th Avenue and Northwest 31st Street",1,2,N/A
"November 21, 2016",Tennessee,Knoxville,"6802 Cardindale Drive",1,0,N/A
"November 21, 2016","West Virginia",Charleston,"1555 Washington Street East",1,0,N/A
"November 21, 2016",Illinois,Chicago,"1300 block of South Homan",1,1,N/A
"November 20, 2016",Ohio,Cleveland,"3700 Block of East 54th St",1,0,N/A
"November 19, 2016",California,Watsonville,"348 Pioneer Road",1,0,N/A
"November 18, 2016",Illinois,"Chicago (Englewood)","5600 block of South Princeton",1,0,N/A
"November 18, 2016",Kentucky,Lexington,"3564 Honey Jay Court",1,0,N/A
"November 18, 2016","South Carolina",Clearwater,"1022 Fairview Road",1,1,N/A
"November 18, 2016","South Carolina",Greenwood,"Meadow Street",1,0,N/A
"November 17, 2016",Virginia,Danville,"100 block of Piney Forest Road",1,0,N/A
"November 17, 2016",Kentucky,Henderson,"1000 Powell Street",1,1,N/A
"November 14, 2016",Ohio,Cincinnati,"2800 block of Vine Street",1,0,N/A
"November 13, 2016",Alabama,Montgomery,"3000 block of Woodley Road",1,0,N/A
"November 13, 2016",Tennessee,Knoxville,"Jourolman Avenue",1,0,N/A
"November 13, 2016","North Carolina",Charlotte,"8000 block of Sherington Way",1,0,N/A
"November 11, 2016",Illinois,Waukegan,"400 block of McKinley Avenue",1,0,N/A
"November 11, 2016",Illinois,Rockford,"900 N Rockton Ave",1,1,N/A
"November 10, 2016",Kentucky,Louisville,"4900 block of South First Street",1,0,N/A
"November 8, 2016",Texas,Baytown,"5400 block of Louise Street",2,0,N/A
"November 8, 2016",Louisiana,Shreveport,"3000 block of Boss Avenue",1,0,N/A
"November 8, 2016",California,Sacramento,"5700 block of Kadinsky Way",1,0,N/A
"November 8, 2016",Virginia,Hampton,"500 block of Pennsylvania Ave",1,0,N/A
"November 8, 2016",Delaware,Claymont,"200 block of Dewey Court",1,0,N/A
"November 7, 2016",Pennsylvania,"New Kensington (Arnold)","1417 Orchard Ave",1,0,N/A
"November 7, 2016",Louisiana,Crowley,"1100 block of Smith Street",2,0,N/A
"November 7, 2016",Illinois,Chicago,"500 block of South Lockwood",1,0,N/A
"November 7, 2016",Arkansas,"Pine Bluff","26th and Beech street",1,0,N/A
"November 7, 2016",Illinois,Chicago,"4600 block of West Lake",1,0,N/A
"November 6, 2016",Alabama,"Phenix City","Riverchase Drive",1,2,N/A
"November 6, 2016",Georgia,Atlanta,"1800 block of Charleston Avenue",1,0,N/A
"November 5, 2016",Connecticut,Waterbury,"30 Porter Street",1,0,N/A
"November 5, 2016",Florida,Jacksonville,"1900 block of West 11th",1,0,N/A
"November 4, 2016",Indiana,Indianapolis,"5700 block of Port Lillian Dr.",1,0,N/A
"November 3, 2016",Colorado,Berthoud,"850 Spartan Avenue",1,0,N/A
"November 3, 2016",Illinois,Chicago,"8000 block of South Shore Drive",2,2,N/A
"November 2, 2016",Colorado,"Grand Junction","1400 North 5th Street",1,0,N/A
"November 2, 2016","South Carolina",Summerville,"107 Daffodil St.",1,0,N/A
"November 1, 2016","North Carolina",Durham,"412 E. Pilot Street",1,0,N/A
"November 1, 2016",Pennsylvania,"Trout Run","T847 and Lake Road",2,0,N/A
"November 1, 2016",Georgia,Riverdale,"Eagles Feather Lane",1,0,N/A
"November 1, 2016",Tennessee,Memphis,"5200 block of Zodiac Rd",1,5,N/A
"October 31, 2016",Texas,Laredo,"Arco Iris Road",2,0,N/A
"October 30, 2016","New Jersey","Atlantic City","1400 Block of Magellan Ave",1,0,N/A
"October 30, 2016",Pennsylvania,Norristown,"600 block of George Street",1,0,N/A
"October 30, 2016",Florida,Tampa,"2307 East Busch Boulevard",1,1,N/A
"October 30, 2016",Maryland,"Capitol Heights","6860 Walker Mill Road",2,4,N/A
"October 30, 2016",California,"San Bernardino","700 block of West Virginia Street",1,0,N/A
"October 30, 2016",Illinois,Chicago,"1300 block of North Hudson",2,0,N/A
"October 29, 2016",Illinois,Chicago,"200 block of South Kostner Avenue",1,0,N/A
"October 29, 2016",Illinois,Chicago,"500 block of South Central",1,0,N/A
"October 28, 2016","North Carolina","Southern Pines","714 West Michigan Avenue",1,1,N/A
"October 27, 2016",Florida,"Palm Beach Gardens (Riviera Beach)","1100 block of West 28th Street",1,0,N/A
"October 26, 2016",Georgia,Atlanta,"35 Hamilton E Holmes Dr NW",1,1,N/A
"October 26, 2016",Louisiana,"Houma (Bayou Blue)","207 Capri Court",1,2,N/A
"October 26, 2016","South Carolina","North Charleston","2600 block of Ranger Drive",1,0,N/A
"October 25, 2016",Florida,"Fort Walton Beach","11 Pryor Road",3,0,N/A
"October 25, 2016",California,Vista,"400 block of Smilex Road",1,0,N/A
"October 25, 2016",Wisconsin,Milwaukee,"4000 N. 19th St",1,0,N/A
"October 24, 2016",Illinois,Chicago,"1200 block of North Pulaski",1,0,N/A
"October 24, 2016",Missouri,"Saint Louis","4300 block of Lee Avenue",1,0,N/A
"October 24, 2016",Arizona,Phoenix,"31st Avenue and Pierce Road",2,0,N/A
"October 24, 2016",Louisiana,Franklin,"Augustine Maze Street",1,0,N/A
"October 24, 2016",Iowa,"Des Moines","1107 Keosauqua Way",1,0,N/A
"October 23, 2016",Indiana,Kokomo,"904 West Jefferson Street",1,0,N/A
"October 23, 2016",Nevada,Reno,"Douglas Alley and North Virginia Street",1,2,N/A
"October 23, 2016",Alabama,Mobile,"St. Stephens Road",1,0,N/A
"October 23, 2016",Mississippi,Southaven,"2200 block of Cedar Point Cove",2,0,N/A
"October 22, 2016",Ohio,Youngstown,"2100 block of Volney Road",2,0,N/A
"October 22, 2016",Florida,Orlando,"2400 block of Kingsland Avenue",1,1,N/A
"October 22, 2016",Georgia,Jonesboro,"24 Libby Lane",2,0,N/A
"October 22, 2016",Louisiana,Larose,"East Avenue C",1,0,N/A
"October 22, 2016",Maryland,Baltimore,"3400 block of Juneway",1,0,N/A
"October 21, 2016",Tennessee,Toone,"Naylor Road",2,0,N/A
"October 20, 2016","North Carolina",Charlotte,"13500 block of Armour Ridge Drive",1,0,N/A
"October 18, 2016",Mississippi,Laurel,N/A,1,0,N/A
"October 18, 2016",Texas,Dallas,N/A,1,0,N/A
"October 17, 2016",Arkansas,Benton,"1200 block of River Oaks",1,0,N/A
"October 16, 2016",Washington,Yacolt,"34900 block of NE Thompson Road",1,0,N/A
"October 16, 2016","North Dakota",Bismarck,"106th St SE",1,0,N/A
"October 16, 2016",Michigan,Detroit,"14300 block of Ardmore",1,0,N/A
"October 16, 2016",Kentucky,Lexington,"855 South Broadway",1,0,N/A
"October 16, 2016",Missouri,"Saint Louis","4400 block of Farlin",1,0,N/A
"October 14, 2016",Ohio,"Cleveland (Cleveland Heights)","1923 South Taylor Road",1,0,N/A
"October 13, 2016","New York",Buffalo,"Leroy Avenue and Hill Street",1,1,N/A
"October 13, 2016",Wisconsin,Milwaukee,"200 of N. 38th St.",1,0,N/A
"October 11, 2016","South Carolina",Wellford,"300 block of James Raymond Court",1,0,N/A
"October 11, 2016",Georgia,Acworth,"4800 block of Ryan Road",1,0,N/A
"October 10, 2016",Pennsylvania,Philadelphia,"3100 block of Stirling Street",1,2,N/A
"October 9, 2016","South Carolina",Aynor,"Garner Road",1,0,N/A
"October 9, 2016",Colorado,Denver,"2830 North High Street",1,1,N/A
"October 9, 2016",Kansas,"Kansas City","6th Street and Stewart Avenue",1,0,N/A
"October 7, 2016",Georgia,"Richmond (county)","Done Roven Road",1,0,N/A
"October 7, 2016",Washington,Auburn,"2400 block of F Street",1,0,N/A
"October 4, 2016",Pennsylvania,Allentown,"Ninth and Liberty streets",1,1,N/A
"October 4, 2016",Georgia,Riverdale,"39 Montego Circle",2,0,N/A
"October 3, 2016","North Dakota",Sanborn,N/A,1,0,N/A
"October 2, 2016",California,"Los Angeles","East 45th Street and Ascot Avenue",1,0,N/A
"October 1, 2016",Louisiana,Shreveport,"327 Kings Highway",1,1,N/A
"October 1, 2016",Illinois,Chicago,"4500 block of South Wood",1,0,N/A
"October 1, 2016",Texas,Naples,N/A,1,1,N/A
"September 30, 2016",Minnesota,Minneapolis,"5400 block of 34th Avenue South",3,1,N/A
"September 30, 2016",Hawaii,Kahuku,"57-091 Kamehameha Hwy",2,0,N/A
"September 29, 2016",Pennsylvania,Aliquippa,"1100 block Wade Street",1,0,N/A
"September 29, 2016",Texas,"Fort Worth","3712 North Elm Street",1,0,N/A
"September 27, 2016",Iowa,"Cedar Rapids","800 block of 15th Street SE",1,0,N/A
"September 25, 2016",Texas,"Fort Worth","3400 block of Stonewall Lane",1,0,N/A
"September 25, 2016",Minnesota,"Saint Paul","700 block of Sims Avenue",1,1,N/A
"September 23, 2016",Washington,Burlington,"201 Cascade Mall Dr",5,0,N/A
"September 22, 2016",Maryland,Bladensburg,"4200 block of 58th Avenue",1,0,N/A
"September 21, 2016",Michigan,"Dearborn Heights","4431 Hipp Street",2,1,N/A
"September 19, 2016",Missouri,Independence,"E. Truman Road and S. Home Avenue",1,0,N/A
"September 17, 2016",Colorado,Thornton,"13000 block of Monaco Way",1,0,N/A
"September 17, 2016",Alaska,Juneau,"3000 block of Mountainwood Circle",1,0,N/A
"September 17, 2016",Pennsylvania,Pittsburgh,"Mount Vernon and Belmar streets",1,0,N/A
"September 16, 2016",California,Richmond,"3400 Richmond Parkway",1,0,N/A
"September 16, 2016",California,"Santa Ana","400 block of South Birch Street",1,1,N/A
"September 15, 2016","New York",Schenectady,"524 Schenectady Street",1,0,N/A
"September 15, 2016","South Carolina",Anderson,"Sugarhill St.",1,0,N/A
"September 14, 2016",Ohio,Columbus,"900 E Broad St",1,0,N/A
"September 14, 2016","South Carolina",Wedgefield,"200 block of Apollo Street",1,0,N/A
"September 14, 2016",Texas,"Bexar (county)",N/A,1,0,N/A
"September 12, 2016","New York",Hempstead,"Laurel and Linden avenues",1,0,N/A
"September 12, 2016","South Carolina",Spartanburg,"320 Spruce Street",1,0,N/A
"September 12, 2016",Pennsylvania,Pittsburgh,"5300 block of Mossfield Street",1,0,N/A
"September 12, 2016","New Jersey","Jersey City","Van Horne Street",1,0,N/A
"September 11, 2016","New Jersey",Trenton,"800 Greenwood Avenue",2,1,N/A
"September 9, 2016",Iowa,"Cedar Rapids","1243 20th St SW",1,0,N/A
"September 9, 2016",Tennessee,Memphis,"4100 block of Faronia Road",1,0,N/A
"September 8, 2016",Texas,Alpine,"704 West Sul Ross Avenue",1,2,N/A
"September 8, 2016",California,Rosamond,"2600 block of 25th Street West",1,0,N/A
"September 7, 2016",Virginia,Lorton,"9700 block of Hagel Circle",1,0,N/A
"September 6, 2016","North Carolina",Norlina,"Hyco Street",2,1,N/A
"September 6, 2016",Illinois,Chicago,"3300 block of West Douglas",1,0,N/A
"September 5, 2016","New York",Brooklyn,"Empire Boulevard",2,2,N/A
"September 5, 2016",Indiana,Graysville,"4100 block of West State Road 154",1,0,N/A
"September 5, 2016",Texas,"San Benito","200 block of Los Ranchitos",1,0,N/A
"September 5, 2016",Michigan,Kalamazoo,"1500 block of Clinton Avenue",2,0,N/A
"September 4, 2016",Ohio,"Dayton (Kettering)","800 block of Willowdale Avenue",1,0,N/A
"September 4, 2016",Illinois,Chicago,"7800 block of South Cornell Avenue",1,0,N/A
"September 4, 2016",California,"Santa Ana","3600 block of West Hazard Avenue",1,0,N/A
"September 4, 2016",California,Stockton,"Dallas Avenue and Connecticut Ave",1,1,N/A
"September 4, 2016",Michigan,Saginaw,"Ray Street",1,0,N/A
"September 3, 2016",California,Oceanside,"700 block of San Diego Street",1,0,N/A
"September 3, 2016","New Jersey",Newark,"100 block of South 10th Street",1,1,N/A
"September 2, 2016",Texas,"Wichita Falls","5143 Kingston Drive",1,1,N/A
"September 2, 2016",Kansas,"Kansas City","500 block of Freeman Drive",1,1,N/A
"September 1, 2016",Colorado,Denver,"7600 block of Raritan Street",1,0,N/A
"September 1, 2016","District of Columbia",Washington,"1601 16th St SE",1,1,N/A
"September 1, 2016","District of Columbia",Washington,"1900 block of 16th Street SE",1,1,N/A
"August 29, 2016",Illinois,Chicago,"5500 block of W Quincy",1,1,N/A
"August 28, 2016",Ohio,Cleveland,"4100 block of E 104th St",1,1,N/A
"August 28, 2016",Kentucky,Louisville,"3015 Penway Ave",1,0,N/A
"August 28, 2016",Arizona,Tucson,"5700 block of E 28th St",1,0,N/A
"August 27, 2016",Texas,"San Benito","500 block of Doherty Street",1,0,N/A
"August 27, 2016",Oklahoma,Spencer,"NE 50th and Douglas",2,0,N/A
"August 27, 2016",Florida,Miami,"1900 block of NW 83rd Terr",2,4,N/A
"August 27, 2016",Kentucky,"Stamping Ground","3162 Main St",1,0,N/A
"August 27, 2016",Tennessee,Memphis,"4100 block of Meadow Creek",1,0,N/A
"August 26, 2016",Idaho,Kuna,"1400 block of Kerf Street",1,0,N/A
"August 24, 2016",Kentucky,Louisville,"Clay and Jacob Streets",1,2,N/A
"August 23, 2016",Texas,Houston,"800 Majestic Street",1,1,N/A
"August 23, 2016",Missouri,"Saint Louis","1600 block of Hogan Street",1,0,N/A
"August 23, 2016",Oklahoma,Tulsa,"1600 block of 125th East Avenue",1,0,N/A
"August 22, 2016","North Carolina","Mineral Springs","Happy Hollow Lane",1,0,N/A
"August 21, 2016",Illinois,Chicago,"North and Luna",1,0,N/A
"August 20, 2016",Ohio,Cleveland,"First Avenue and Hayden Avenue",1,1,N/A
"August 19, 2016",Michigan,Detroit,"Roxbury and Casino",1,0,N/A
"August 18, 2016",Oregon,Hermiston,"130 Northwest 11th Street",3,1,N/A
"August 17, 2016","New York",Bronx,"1375 College Avenue",1,1,N/A
"August 15, 2016",California,"San Jose","North White and McKee Road",1,1,N/A
"August 15, 2016",Florida,Naples,"1900 Tamiami Trail N",1,0,N/A
"August 15, 2016",Maryland,Baltimore,"900 block of N. Monroe Street",1,0,N/A
"August 14, 2016",Ohio,Toledo,"Nesslewood and Scottwood",1,0,N/A
"August 14, 2016",Pennsylvania,Philadelphia,"2000 E. Orleans Street",1,0,N/A
"August 14, 2016",Missouri,"Saint Louis (Ferguson)","100 block of Elkan Avenue",1,0,N/A
"August 13, 2016",Indiana,Indianapolis,"4100 block of East 16th Street",1,0,N/A
"August 12, 2016",Pennsylvania,Mountville,"17 West Main Street",1,0,N/A
"August 12, 2016",Florida,Jacksonville,"100 block of West 38th Street",1,3,N/A
"August 12, 2016",Illinois,"Chicago (Englewood)","700 block of West 66th Place",1,0,N/A
"August 11, 2016",Louisiana,"New Orleans","2200 block of Peniston Street",1,0,N/A
"August 11, 2016","New York",Rochester,"Melville Street",1,0,N/A
"August 9, 2016",Idaho,"New Plymouth","5000 block of Highway 52",1,0,N/A
"August 9, 2016",California,"Los Angeles (Boyle Heights)","Cesar Chavez Avenue and Breed Street",1,0,N/A
"August 9, 2016","New Jersey","Jersey City","517 Communipaw Avenue",1,2,N/A
"August 8, 2016",Louisiana,Alexandria,"700 block of Willow Glen Road",1,1,N/A
"August 7, 2016",Virginia,Chesapeake,"600 block of Helen Avenue",2,1,N/A
"August 7, 2016",Oklahoma,"Oklahoma City",N/A,1,0,N/A
"August 6, 2016","North Carolina",Shelby,"105 Lindsey Lee Ln",1,0,N/A
"August 6, 2016",California,Hayward,"2500 block of Muir Road",1,2,N/A
"August 5, 2016",Mississippi,Jackson,"Deerfield Lane and Concord Drive",1,1,N/A
"August 5, 2016",Illinois,Chicago,"6700 block of South Wabash Street",1,0,N/A
"August 5, 2016",Illinois,Chicago,"2700 block of West Evergreen Avenue",1,0,N/A
"August 5, 2016",Louisiana,"La Place (Laplace)","820 W Airline Hwy",1,0,N/A
"August 3, 2016",Georgia,Decatur,"4110 Glenwood Road",1,3,N/A
"August 3, 2016",California,Inglewood,"4200 block of West 103 Street",1,0,N/A
"August 3, 2016",California,Salinas,"1100 block of C Street",1,0,N/A
"August 2, 2016","South Carolina",Coward,"4312 Circle Drive",1,1,N/A
"August 2, 2016",Ohio,Columbus,"400 block of East Markison Avenue",1,0,N/A
"August 1, 2016",Georgia,Roswell,"885 Woodstock Road",2,0,N/A
"August 1, 2016",Oklahoma,Ardmore,"1200 block of L Street",1,0,N/A
"August 1, 2016",Louisiana,Shreveport,"1400 block of Alma Street",1,0,N/A
"July 31, 2016",California,Fairfield,"2700 block of North Texas Street",1,0,N/A
"July 31, 2016",Alaska,Anchorage,"Sixth Avenue and Newell Street",1,0,N/A
"July 31, 2016",Florida,Miami,"Southwest 203rd Terrace and 115th Avenue",3,1,N/A
"July 31, 2016",Illinois,Rockford,"3200 block of Greendale Drive",1,2,N/A
"July 30, 2016","New York",Elmira,"200 block of West Hudson Street",1,0,N/A
"July 30, 2016",Alaska,Wasilla,"North Pioneer Peak Drive",1,0,N/A
"July 29, 2016","North Carolina","Winston Salem (Winston-salem)","432 Crews Street",1,0,N/A
"July 29, 2016",Illinois,Chicago,"700 block of East 82nd Street",1,0,N/A
"July 28, 2016",Illinois,Peoria,"405 E. Republic St",1,0,N/A
"July 28, 2016",Illinois,Chicago,"8000 block of South Escanaba",1,0,N/A
"July 28, 2016",Maryland,Baltimore,"2400 block of Washington Boulevard",1,0,N/A
"July 27, 2016",Missouri,Columbia,"Allen Street and Lasalle Place",1,0,N/A
"July 27, 2016",Louisiana,Metairie,"4013 N. Interstate 10 Service Road",1,0,N/A
"July 26, 2016",Michigan,Saginaw,"South 23rd",1,0,N/A
"July 26, 2016",Arizona,Gilbert,"17700 block of East Prescott Place",3,0,N/A
"July 26, 2016",Texas,"San Antonio","3600 block of Callaghan Road",1,0,N/A
"July 25, 2016",Kentucky,Somerset,N/A,1,0,N/A
"July 25, 2016",Florida,"Fort Myers","3580 Evans Ave",2,19,N/A
"July 25, 2016",Arizona,Tempe,"1000 E Orange Street",1,0,N/A
"July 24, 2016",Louisiana,Natchitoches,"1207 Texas Street",1,0,N/A
"July 24, 2016","New Mexico","Taos (county)",N/A,1,0,N/A
"July 23, 2016",Illinois,"Calumet City","600 block of Hirsch Avenue",1,0,N/A
"July 22, 2016",Indiana,Huntingburg,"202 N. Main St.",1,0,N/A
"July 21, 2016",Missouri,"Saint Louis (Kinloch)","Monroe and Granberry",1,0,N/A
"July 21, 2016",Florida,Orlando,"5732 North Hiawassee Road",1,2,N/A
"July 21, 2016",Mississippi,Jackson,"900 block of McDowell Road",1,0,N/A
"July 20, 2016",Florida,Jacksonville,"2300 block of Lantana Avenue",1,1,N/A
"July 20, 2016","New Hampshire",Derry,"North Shore Road",1,0,N/A
"July 20, 2016","South Dakota","Pine Ridge","340767 S Dakota 407",1,0,N/A
"July 19, 2016",Louisiana,"Baton Rouge","4608 Bradley Street",1,0,N/A
"July 19, 2016",Texas,Alvin,"3400 block of Oxford",1,0,N/A
"July 18, 2016",Delaware,Wilmington,"700 block of E. 11th Street",1,0,N/A
"July 18, 2016",Illinois,Chicago,"4400 block of West West End Avenue",1,0,N/A
"July 17, 2016",Illinois,Chicago,"4700 block of South Ellis Avenue",1,1,N/A
"July 17, 2016",Ohio,Columbus,"2600 block of Kenview Road South",1,1,N/A
"July 16, 2016",Massachusetts,Chicopee,"120 Boucher Circle",1,0,N/A
"July 16, 2016",Georgia,Snellville,"2900 block of Aviator Circle",1,0,N/A
"July 15, 2016",Florida,Tallahassee,"2684 Tess Circle",1,0,N/A
"July 12, 2016",Illinois,Chicago,"10900 block of South Peoria",1,0,N/A
"July 12, 2016",Pennsylvania,"New Castle","616 West North",1,0,N/A
"July 11, 2016",Illinois,Rockford,"4800 block of Creek View Road",1,0,N/A
"July 11, 2016",Nevada,"Las Vegas","2701 North Decatur Boulevard",1,0,N/A
"July 11, 2016",Pennsylvania,Philadelphia,"60th Street and Baltimore Avenue",1,2,N/A
"July 10, 2016",Texas,Rowlett,"3400 block of Beech Street",1,0,N/A
"July 7, 2016",Texas,Tomball,"11510 Boudreaux",1,0,N/A
"July 7, 2016",Indiana,Hammond,"1100 block of Cleveland Street",1,0,N/A
"July 7, 2016",Illinois,"East Saint Louis","29th Street and Renshaw Avenue",1,0,N/A
"July 6, 2016",Utah,Midvale,"759 W. Center Street",2,0,N/A
"July 6, 2016",Florida,Jacksonville,"2200 block of Vista Avenue",1,0,N/A
"July 6, 2016",Alabama,Toney,"2500 block of Alabama 251",1,0,N/A
"July 5, 2016",Alabama,Huntsville,"3900 block of Broadmor Road",2,0,N/A
"July 5, 2016",Utah,"Salt Lake City","600 North and 1100 West",1,0,N/A
"July 5, 2016",Georgia,"West Point","700 Ave. East",1,0,N/A
"July 4, 2016",Pennsylvania,"Braddock (Rankin)","Hawkins Village",1,0,N/A
"July 4, 2016",Pennsylvania,Philadelphia,"31st Street and Moore Street",1,0,N/A
"July 3, 2016",Florida,Sarasota,"4583 Bee Ridge Road",1,0,N/A
"July 3, 2016",Tennessee,"Chattanooga (East Ridge)","201 Eads Street",1,0,N/A
"July 2, 2016","New Jersey",Camden,"1200 block of Mechanic Street",1,0,N/A
"July 1, 2016","North Carolina",Goldsboro,"400 block of East Holly Street",1,0,N/A
"July 1, 2016",Georgia,Columbus,"3400 8th Ave",1,0,N/A
"June 29, 2016",Nevada,"Las Vegas","6100 block of West Lake Mead Boulevard",5,0,N/A
"June 29, 2016",Pennsylvania,Philadelphia,"5300 block of E Walnut Lane",1,0,N/A
"June 28, 2016",Florida,"West Palm Beach","1555 Martin Luther King Boulevard",1,0,N/A
"June 28, 2016",Oklahoma,Tulsa,"N. Madison and Virgin",1,1,N/A
"June 28, 2016",Florida,"Miami Gardens","2435 168th Street",2,1,N/A
"June 28, 2016",Texas,"San Antonio","8600 block of Star Creek Drive",1,0,N/A
"June 27, 2016",Arizona,Phoenix,"1600 block of West Missouri Avenue",1,0,N/A
"June 27, 2016",Texas,Austin,"6000 Perlita Drive",1,0,N/A
"June 27, 2016",Michigan,Flushing,"3466 Pierson Pl",1,0,N/A
"June 27, 2016",Alaska,Wasilla,N/A,1,0,N/A
"June 26, 2016",Iowa,Davenport,"4233 Warren Street",1,0,N/A
"June 26, 2016",Tennessee,"Haywood (county)","3649 Rice Road",1,2,N/A
"June 25, 2016",Oklahoma,Enid,"1800 block of West Maine Street",1,2,N/A
"June 24, 2016",Oklahoma,"Oklahoma City (Midwest City)","100 block of West Michael Dr",1,0,N/A
"June 24, 2016",Ohio,Columbus,"3400 block of Oak Bend Boulevard",1,0,N/A
"June 24, 2016",Arizona,"Cave Creek",N/A,1,0,N/A
"June 24, 2016",Texas,Katy,"6011 Remson Hollow Lane",3,0,N/A
"June 23, 2016",California,"Elk Grove","Edgeware Way and Harrow Drive",1,0,N/A
"June 23, 2016",Illinois,Chicago,"4400 block of West Wilcox Street",1,0,N/A
"June 22, 2016",Indiana,Indianapolis,"3300 block of Wallace Avenue",1,0,N/A
"June 22, 2016",Illinois,Rockford,"4600 block of Manheim Road",1,0,N/A
"June 21, 2016",Virginia,Norfolk,"400 block of North Military Highway",1,2,N/A
"June 21, 2016",Indiana,"Fort Wayne","5200 block of Lillie Street",1,0,N/A
"June 21, 2016",Alabama,Huntsville,"10th Avenue and 4th Street",1,0,N/A
"June 20, 2016",Florida,Tampa,"3615 Potter Street",1,1,N/A
"June 20, 2016",Missouri,"Saint Louis","6300 block of Dardanella",1,0,N/A
"June 19, 2016","New York",Buffalo,"100 block of Wecker Street",1,0,N/A
"June 19, 2016",Alabama,Fairfield,"5500 block of Avenue D",1,0,N/A
"June 18, 2016",California,Oakland,"2100 block of Harrington Avenue",1,0,N/A
"June 18, 2016",Michigan,Muskegon,"900 block of East Isabella Avenue",1,2,N/A
"June 18, 2016","New York",Bronx,"1041 Tiffany Street",1,1,N/A
"June 17, 2016",Pennsylvania,Pittsburgh,"4290 Melwood Ave",1,0,N/A
"June 17, 2016",Illinois,"Chicago (Englewood)","6500 block of South Hamilton Avenue",1,0,N/A
"June 16, 2016",Ohio,Cincinnati,"Montana Avenue",1,1,N/A
"June 16, 2016",Texas,Houston,"15100 block of Alkay",2,0,N/A
"June 16, 2016",Florida,Orlando,"2300 block of Fontainebleau Drive",2,0,N/A
"June 15, 2016",Indiana,"Fort Wayne","Avondale Drive and Baxter Avenue",1,0,N/A
"June 14, 2016",Illinois,Chicago,"10200 block of South Normal Avenue",1,0,N/A
"June 14, 2016",California,Oakland,"1301 Franklin Street",1,3,N/A
"June 13, 2016",Texas,Houston,"8751 Broadway",1,0,N/A
"June 13, 2016","West Virginia",Fairmont,"Cleveland Avenue",1,0,N/A
"June 12, 2016",Oklahoma,Wewoka,"NS 3580",1,0,N/A
"June 12, 2016",Maryland,Baltimore,"900 block of Pennsylvania Avenue",1,1,N/A
"June 12, 2016",Arizona,Phoenix,"67th Avenue and McDowell Road",3,0,N/A
"June 11, 2016",Illinois,Chicago,"5200 block of South Sangamon",1,1,N/A
"June 11, 2016",Illinois,"Chicago Heights","600 block of Andover Street",1,0,N/A
"June 11, 2016",California,"Panorama City","8500 block of Cedros Avenue",3,2,N/A
"June 11, 2016","New Mexico",Roswell,"2300 block of Davis Ave",5,0,N/A
"June 11, 2016","New Jersey",Trenton,"Prospect Street",1,0,N/A
"June 11, 2016",Florida,"Saint Petersburg (St Petersburg)","14th Avenue South and 40th Street",1,0,N/A
"June 10, 2016",Michigan,Muskegon,"Leahy Street and Holbrook Avenue",1,0,N/A
"June 9, 2016",Georgia,Columbus,"6023 Crystal Drive",1,0,N/A
"June 9, 2016",Florida,Loxahatchee,"17000 block of 31st Road North",1,0,N/A
"June 8, 2016",Illinois,Danville,"800 block of North Griffin Street",1,0,N/A
"June 8, 2016",Massachusetts,Boston,"66 Washington St",1,3,N/A
"June 7, 2016",Michigan,Detroit,"5300 block of Radnor",1,0,N/A
"June 6, 2016",Ohio,Dayton,"1100 block of Oakridge Drive",1,0,N/A
"June 6, 2016",Georgia,Hawkinsville,"18 Franklin Street",1,0,N/A
"June 6, 2016",Michigan,Detroit,"6500 block of Brace Street",3,0,N/A
"June 6, 2016",Maryland,Annapolis,"1300 block of Tyler Avenue",1,0,N/A
"June 5, 2016",Florida,Tampa,N/A,1,0,N/A
"June 5, 2016",Connecticut,Montville,"Allen Street",1,0,N/A
"June 4, 2016",Alabama,Birmingham,"12th Street and 3rd Avenue South",1,1,N/A
"June 3, 2016",Illinois,"Melrose Park","1200 block of North 34th Avenue",1,0,N/A
"June 3, 2016",Missouri,"Saint Louis","9500 block of Page Ave",1,0,N/A
"June 3, 2016",Illinois,Chicago,"3500 block of South Parnell Avenue",1,0,N/A
"June 1, 2016",Florida,"Fort Myers","7520 Omni Lane",1,0,N/A
"June 1, 2016",Illinois,Chicago,"4100 block of West 56th Street",1,0,N/A
"June 1, 2016","New York",Brooklyn,"Marcy Avenue",1,0,N/A
"June 1, 2016",Nevada,"Las Vegas","Mezpah Street and Washington Avenue",2,0,N/A
"May 31, 2016",Illinois,Chicago,"89th Street and Exchange Avenue",1,0,N/A
"May 31, 2016",Michigan,Detroit,N/A,1,0,N/A
"May 31, 2016","New York",Brooklyn,"1406 Brooklyn Avenue",1,0,N/A
"May 30, 2016",California,Modesto,"1600 block of Pelton Avenue",1,1,N/A
"May 29, 2016",California,Sacramento,"8700 block of Inisheer Way",1,0,N/A
"May 29, 2016",Mississippi,Jonestown,"Coldwater River Road",1,0,N/A
"May 28, 2016","North Carolina",Fayetteville,"McKinnon Farm Road",1,0,N/A
"May 28, 2016",Illinois,Chicago,"2400 block of North Lake Shore Drive",1,1,N/A
"May 27, 2016",Tennessee,Nashville,"3301 Creekwood Drive",1,0,N/A
"May 27, 2016","New York",Wallkill,"559 Fifth Avenue",3,0,N/A
"May 27, 2016",Florida,"Miami Gardens","18000 block of Northwest Seventh Place",1,0,N/A
"May 25, 2016",Washington,Seattle,"6000 block of High Point Drive SW",1,0,N/A
"May 25, 2016","New Mexico",Albuquerque,"500 Eubank Boulevard",1,0,N/A
"May 24, 2016",Oklahoma,"Oklahoma City","3100 block of S. Shartel",2,0,N/A
"May 23, 2016","North Carolina","Scotland (county)","Hasty Road",1,0,N/A
"May 23, 2016",Florida,Auburndale,"108 Kim Street",1,0,N/A
"May 22, 2016",Maryland,Baltimore,"3500 block of Hayward Ave",1,0,N/A
"May 21, 2016",Georgia,Jackson,"Levi Barnes Road",1,3,N/A
"May 21, 2016",Pennsylvania,Chester,"1100 block of Pine Lane",1,2,N/A
"May 19, 2016",Delaware,Wilmington,"900 block of Clifford Brown Walk",1,0,N/A
"May 19, 2016","New York",Bronx,"810 Astor Avenue",1,0,N/A
"May 19, 2016",Illinois,Rockford,"3100 block of Wallin Avenue",1,0,N/A
"May 19, 2016",Missouri,"Cape Girardeau","235 N. Lorimier Street",1,0,N/A
"May 19, 2016",Illinois,Chicago,"6100 block of South Evans Avenue",1,0,N/A
"May 18, 2016","New York",Brooklyn,"1003 Wilmohr Street",1,1,N/A
"May 18, 2016",Indiana,"Fort Wayne","9100 blook of Brickshire Parkway",1,1,N/A
"May 18, 2016","North Carolina","Onslow (county)",N/A,1,0,N/A
"May 18, 2016",Alabama,Anniston,"2200 block of Christine Avenue",1,2,N/A
"May 16, 2016",Nevada,"Las Vegas","3050 South Nellis Boulevard",1,1,N/A
"May 15, 2016",Virginia,"Newport News","300 block of Deputy Lane",1,0,N/A
"May 15, 2016",Illinois,Chicago,"1500 block of South Karlov Avenue",1,0,N/A
"May 14, 2016",Florida,Alford,"Compass Lake Drive",1,0,N/A
"May 13, 2016",Connecticut,Bridgeport,"290 block of Madison Avenue",1,0,N/A
"May 10, 2016",Louisiana,Shreveport,"1100 block of Wilkinson Street",1,0,N/A
"May 9, 2016",Ohio,Columbus,"South Weyant Avenue",1,1,N/A
"May 8, 2016",Florida,"Lehigh Acres","32nd Street Southwest and Wanda Avenue",1,0,N/A
"May 7, 2016",Idaho,"Twin Falls","Northern Pine Drive and N. College Road",1,0,N/A
"May 7, 2016",California,Fresno,"400 block of North Manila Avenue",1,0,N/A
"May 5, 2016",Virginia,Chesterfield,"4100 block of Mallard Landing Circle",1,1,N/A
"May 5, 2016",Louisiana,Harvey,"Westmore Street and Post Street",1,0,N/A
"May 4, 2016",Tennessee,Memphis,"Getwell Road and New Willow Road",1,0,N/A
"May 4, 2016",Arizona,Tucson,"3700 block of E. 4th Street",1,0,N/A
"May 4, 2016",Washington,"Seattle (Burien)","615 W Ambaum Boulevard Southwest",1,0,N/A
"May 3, 2016",California,"Long Beach","3300 block of East 65th Street",1,0,N/A
"May 2, 2016",Illinois,Chicago,"4500 block of South Ashland Avenue",1,0,N/A
"May 2, 2016",Illinois,"Chicago (Englewood)","100 block of South Laflin Street",1,1,N/A
"May 2, 2016",Maryland,Baltimore,"3700 block of St. Victor Street",1,0,N/A
"April 30, 2016",Texas,Dallas,"2400 block of Bickers Road",1,1,N/A
"April 29, 2016",Illinois,"Chicago (Englewood)","6800 block of South Sangamon Street",1,0,N/A
"April 27, 2016",Illinois,"Rock Island","20th Avenue and 5th Street",1,0,N/A
"April 27, 2016",Iowa,"Des Moines","1300 block of 12th Street",1,0,N/A
"April 26, 2016",California,Richmond,"400 block of South 12th Street",1,0,N/A
"April 26, 2016","New Jersey","Jersey City","Fulton Avenue",1,0,N/A
"April 25, 2016",Illinois,"Chicago (Englewood)","7300 block of South Sangamon Street",1,1,N/A
"April 25, 2016",Louisiana,"New Orleans","3900 block of Louisiana Avenue Parkway",1,0,N/A
"April 24, 2016",Tennessee,Memphis,"Vance Avenue",1,0,N/A
"April 24, 2016",Pennsylvania,Philadelphia,"400 block of East Wyoming Avenue",1,0,N/A
"April 24, 2016",Nevada,"Las Vegas","2800 block of Wheelwright Drive",1,0,N/A
"April 24, 2016","New Jersey",Trenton,"Jersey Street and Home Avenue",1,0,N/A
"April 23, 2016",Texas,"Fort Worth (Saginaw)","200 block of Creekside Dr",1,0,N/A
"April 23, 2016",Nevada,"Las Vegas","1650 South Hollywood Boulevard",1,3,N/A
"April 22, 2016",Tennessee,Memphis,"1600 block of Dellwood Avenue",1,0,N/A
"April 22, 2016",Ohio,Piketon,"4077 Union Hill Road",8,0,N/A
"April 20, 2016",California,"West Point","1100 block of Bald Mountain Rd",1,0,N/A
"April 20, 2016",California,"San Bernardino","29th Street and Pershing Avenue",2,0,N/A
"April 19, 2016","North Carolina","Robeson (county)","Manila Street",1,0,N/A
"April 19, 2016",Missouri,"Saint Louis","2700 block of Bacon Street",1,0,N/A
"April 19, 2016",California,Sacramento,"7800 block of Sunrise Greens Drive",1,0,N/A
"April 18, 2016",Tennessee,Chattanooga,"3100 block of 7th Avenue",1,0,N/A
"April 18, 2016",Louisiana,Gretna,N/A,1,0,N/A
"April 17, 2016",Arizona,Glendale,"6500 block of West Mountain View Road",1,0,N/A
"April 17, 2016",Tennessee,Knoxville,"700 College Street",1,0,N/A
"April 14, 2016","New Jersey",Orange,"Taylor Street",1,3,N/A
"April 12, 2016",Kentucky,"Mercer (county)","1600 block of Deep Creek Road",1,0,N/A
"April 11, 2016",Wisconsin,Milwaukee,"Green Bay Avenue and Capitol Drive",1,0,N/A
"April 11, 2016",Illinois,Chicago,"3400 block of West Grenshaw Street",1,0,N/A
"April 10, 2016","North Carolina","Granite Falls","Baton Church Road",1,0,N/A
"April 10, 2016",Wisconsin,Milwaukee,"76th and Sheridan",1,3,N/A
"April 8, 2016",Arkansas,"Little Rock","801 S Rodney Parham Rd.",1,0,N/A
"April 7, 2016",Massachusetts,Springfield,"212 Plainfield Street",1,0,N/A
"April 7, 2016",Nevada,"Las Vegas","4300 block of North Las Vegas Boulevard",1,0,N/A
"April 7, 2016",Georgia,Savannah,"1300 block of E. 69th St.",1,0,N/A
"April 6, 2016",California,Salinas,"912 Acosta Plaza",1,0,N/A
"April 5, 2016",Texas,"Grand Prairie","2400 block of Pioneer Parkway",1,0,N/A
"April 5, 2016",Florida,Miami,"Northwest 10th and First Street",1,0,N/A
"April 5, 2016",Florida,"Miami Gardens","17612 Northwest 25th Avenue",1,0,N/A
"April 5, 2016",Florida,"West Palm Beach (Lake Park)","595 Silver Beach Road",1,0,N/A
"April 4, 2016",Illinois,Chicago,"5500 block of North Harlem Avenue",1,0,N/A
"April 4, 2016",Florida,Jacksonville,"9100 block of 2nd Avenue",2,0,N/A
"April 4, 2016",California,Salinas,"800 block of Garner Avenue",1,1,N/A
"April 3, 2016",Alaska,Noorvik,N/A,1,0,N/A
"April 3, 2016","South Carolina",York,"100 block of Hickory Lane",1,0,N/A
"April 2, 2016","South Carolina","Rock Hill","800 block of Horseman Drive",1,0,N/A
"March 31, 2016",Indiana,"Fort Wayne","500 block of E. Sherwood Terrace",1,0,N/A
"March 31, 2016",California,Fresno,"Chesnut and Holland Avenues",1,0,N/A
"March 31, 2016",California,"Long Beach","1300 block of East 11th Street",1,0,N/A
"March 31, 2016","North Carolina","La Grange","Mimosa Lane and Maple Grove Dr",1,0,N/A
"March 29, 2016",Illinois,Rockford,"3200 block of Parkside Avenue",1,2,N/A
"March 28, 2016",Mississippi,Jackson,"1100 Violet Street",1,0,N/A
"March 28, 2016",Alabama,Montgomery,"1900 block of Gibbs Drive",1,0,N/A
"March 28, 2016",Texas,"New Braunfels","2400 block of Dove Crossing",1,0,N/A
"March 27, 2016",Colorado,"Larimer (county)",N/A,2,0,N/A
"March 27, 2016",Texas,"Fort Worth (Forest Hill)","4100 block of Bowling Green St",1,0,N/A
"March 27, 2016",Mississippi,Brookhaven,"Highway 550",1,0,N/A
"March 27, 2016",Arizona,Phoenix,"2000 block of North 45th Avenue",1,0,N/A
"March 26, 2016",Texas,"San Angelo","1100 block of East 22nd Street",2,0,N/A
"March 26, 2016",Florida,Lakeland,"929 North Gilmore Avenue",1,1,N/A
"March 26, 2016","District of Columbia",Washington,"4720 Minnesota Avenue NE",1,0,N/A
"March 25, 2016",Florida,"Fort Myers","2700 block of Dr Ella Piper Way",1,1,N/A
"March 25, 2016",Hawaii,"Mountain View","Oshiro Road",1,0,N/A
"March 25, 2016","New York","New York (Manhattan)","3rd Avenue and 115th Street",1,0,N/A
"March 20, 2016",Florida,Gainesville,"5800 Southwest 20th Avenue",1,0,N/A
"March 20, 2016",Pennsylvania,"Mount Pleasant","151 South Church St",1,0,N/A
"March 19, 2016",Texas,Dallas,"1100 block of North Masters Drive",2,0,N/A
"March 19, 2016",Texas,Houston,"6000 block of Glenmont",1,0,N/A
"March 19, 2016",Florida,Apopka,"1008 Sheeler Hills Drive",1,0,N/A
"March 18, 2016",Oklahoma,Edmond,"1920 E. 2nd Street",1,0,N/A
"March 18, 2016","South Carolina",Greenville,"Rebecca Street",2,0,N/A
"March 18, 2016",Iowa,"Cedar Rapids","1424 Bever Ave. SE",1,0,N/A
"March 18, 2016","South Carolina","North Charleston","Northwoods Boulevard",1,0,N/A
"March 17, 2016","South Carolina",Bennettsville,"Spencer Street",1,0,N/A
"March 17, 2016",Illinois,Chicago,"800 block of North St. Louis Avenue",1,2,N/A
"March 15, 2016",Ohio,Dayton,"300 block of Roxbury Road",1,0,N/A
"March 14, 2016",Texas,"San Antonio (Alamo Heights)","800 block of Alamo Heights Blvd",1,0,N/A
"March 14, 2016",Texas,Bridgeport,"County Road 3825",1,0,N/A
"March 14, 2016",Texas,"San Antonio","Nogalitos and Cavalier",1,0,N/A
"March 14, 2016",Tennessee,Memphis,"100 block of Hillview Avenue",1,0,N/A
"March 14, 2016",Missouri,"Kansas City","North Flora and Northeast 80th Street",1,0,N/A
"March 13, 2016",Pennsylvania,Homestead,"15th Avenue and Glenn Street",2,1,N/A
"March 13, 2016",California,"San Bernardino","North Orange Street and East Love Lane",1,1,N/A
"March 13, 2016",Texas,"Madison (county)","FM 2989",1,0,N/A
"March 13, 2016",Texas,Addison,"Marsh Lane and Spring Valley Road",1,1,N/A
"March 13, 2016",Illinois,Chicago,"10000 block of South Indiana",1,0,N/A
"March 12, 2016",Florida,Ocoee,"North Lakewood Avenue",1,0,N/A
"March 12, 2016",Tennessee,Memphis,"700 block of Semmes Street",1,0,N/A
"March 12, 2016","New York",Buffalo,"600 block of LaSalle Avenue",1,1,N/A
"March 12, 2016",Georgia,Elberton,"Reese Street",2,2,N/A
"March 12, 2016",Iowa,Oskaloosa,"1593 290th Street",1,0,N/A
"March 10, 2016",Florida,Miami,"7200 block of Northwest 19th Avenue",1,0,N/A
"March 8, 2016",Texas,"San Antonio","Sherman Street",2,3,N/A
"March 8, 2016","North Carolina",Durham,N/A,1,1,N/A
"March 7, 2016","West Virginia",Morgantown,"Church Hill Drive",1,0,N/A
"March 6, 2016",Mississippi,Laurel,"County Road 237",1,0,N/A
"March 5, 2016","South Dakota",Yankton,"East Side Drive",1,0,N/A
"March 5, 2016",Minnesota,"Saint Paul","University Avenue W. and Prior Avenue N.",1,0,N/A
"March 5, 2016",Wisconsin,Milwaukee,"939 West National Avenue",3,0,N/A
"March 4, 2016",Mississippi,Starkville,"North Montgomery Street",1,0,N/A
"March 3, 2016",Arkansas,Lavaca,"Utah Ranch Road",1,0,N/A
"March 2, 2016",Iowa,Burlington,"5th and Walnut Street",1,0,N/A
"March 2, 2016",Tennessee,Memphis,"1700 block of Denison Street",1,1,N/A
"March 2, 2016",Georgia,Lithonia,"700 block of Shore Drive",1,0,N/A
"March 1, 2016",Texas,"Fort Worth","3200 block of North Harding Street",1,0,N/A
"February 29, 2016",Maryland,Baltimore,"Baltimore and Monroe streets",1,0,N/A
"February 29, 2016",Minnesota,"Litchfield (Harvey Township)","56900 block of 340th Street",2,0,N/A
"February 29, 2016",California,Richmond,"3300 block of Ohio Avenue",1,0,N/A
"February 29, 2016",Louisiana,"Baton Rouge","5100 block of Madison Avenue",1,0,N/A